<?xml version="1.0" encoding="utf-8" ?>
<dwsync>
<file name="img_lay_topo2.gif" server="C:/inetpub/wwwroot/asp/pizzaria/" local="129744999888670000" remote="129744999880000000" />
<file name="img_lay_bkg_titulo.gif" server="C:/inetpub/wwwroot/asp/pizzaria/" local="129744999900540000" remote="129744999900000000" />
<file name="img_titulo_mp.gif" server="C:/inetpub/wwwroot/asp/pizzaria/" local="129744999805150000" remote="129744999800000000" />
<file name="bot_pesquisar.png" server="C:/inetpub/wwwroot/asp/pizzaria/" local="129752540768114500" remote="129752540760000000" />
<file name="bot_pedido.png" server="C:/inetpub/wwwroot/asp/pizzaria/" local="129752539144544500" remote="129752539140000000" />
<file name="bot_cancelar.png" server="C:/inetpub/wwwroot/asp/pizzaria/" local="129752539505354500" remote="129752539500000000" />
<file name="fundo.jpg" server="C:/inetpub/wwwroot/asp/pizzaria/" local="129744998194040000" remote="129744998190000000" />
<file name="logo.png" server="C:/inetpub/wwwroot/asp/pizzaria/" local="129754147965597000" remote="129754147960000000" />
<file name="img_lay_topo3.gif" server="C:/inetpub/wwwroot/asp/pizzaria/" local="129754111720704500" remote="129754111720000000" />
<file name="fundo2.png" server="C:/inetpub/wwwroot/asp/pizzaria/" local="129754224140717000" remote="129754224140000000" />
</dwsync>